{"v":"5.6.9","fr":24,"ip":0,"op":120,"w":244,"h":244,"nm":"turbo_speedtest","ddd":0,"assets":[{"id":"comp_0","layers":[{"ddd":0,"ind":1,"ty":4,"nm":"indicator Outlines","sr":1,"ks":{"o":{"a":0,"k":100,"ix":11},"r":{"a":1,"k":[{"i":{"x":[0.833],"y":[0.833]},"o":{"x":[0.167],"y":[0.167]},"t":0,"s":[0]},{"t":101,"s":[258]}],"ix":10},"p":{"a":0,"k":[243.049,223.888,0],"ix":2},"a":{"a":0,"k":[131.754,8.659,0],"ix":1},"s":{"a":0,"k":[100,100,100],"ix":6}},"ao":0,"shapes":[{"ty":"gr","it":[{"ind":0,"ty":"sh","ix":1,"ks":{"a":0,"k":{"i":[[0,0],[0,0],[0,0],[0,0]],"o":[[0,0],[0,0],[0,0],[0,0]],"v":[[-45.478,45.56],[-52.893,36.403],[56.917,-58.408],[69.503,-42.865]],"c":true},"ix":2},"nm":"Path 1","mn":"ADBE Vector Shape - Group","hd":false},{"ty":"gf","o":{"a":0,"k":100,"ix":10},"r":1,"bm":0,"g":{"p":3,"k":{"a":0,"k":[0,1,0.541,0.153,0.5,1,0.425,0.094,1,1,0.31,0.035],"ix":9}},"s":{"a":0,"k":[-62.445,55.238],"ix":5},"e":{"a":0,"k":[73.945,-58.734],"ix":6},"t":1,"nm":"Gradient Fill 1","mn":"ADBE Vector Graphic - G-Fill","hd":false},{"ty":"tr","p":{"a":0,"k":[69.753,58.659],"ix":2},"a":{"a":0,"k":[0,0],"ix":1},"s":{"a":0,"k":[100,100],"ix":3},"r":{"a":0,"k":0,"ix":6},"o":{"a":0,"k":100,"ix":7},"sk":{"a":0,"k":0,"ix":4},"sa":{"a":0,"k":0,"ix":5},"nm":"Transform"}],"nm":"Group 1","np":2,"cix":2,"bm":0,"ix":1,"mn":"ADBE Vector Group","hd":false}],"ip":0,"op":120,"st":0,"bm":0},{"ddd":0,"ind":2,"ty":4,"nm":"line Outlines 2","sr":1,"ks":{"o":{"a":0,"k":100,"ix":11},"r":{"a":0,"k":0,"ix":10},"p":{"a":0,"k":[244.191,200.681,0],"ix":2},"a":{"a":0,"k":[265.501,220.246,0],"ix":1},"s":{"a":0,"k":[100,100,100],"ix":6}},"ao":0,"shapes":[{"ty":"gr","it":[{"ind":0,"ty":"sh","ix":1,"ks":{"a":0,"k":{"i":[[0,0],[0,46.597],[119.018,0],[0,-119.019],[-25.141,-35.251]],"o":[[25.142,-35.251],[0,-119.019],[-119.019,0],[0,46.597],[0,0]],"v":[[175.567,170.246],[215.502,45.256],[0,-170.246],[-215.501,45.256],[-175.568,170.246]],"c":false},"ix":2},"nm":"Path 1","mn":"ADBE Vector Shape - Group","hd":false},{"ty":"gs","o":{"a":0,"k":100,"ix":9},"w":{"a":0,"k":20,"ix":10},"g":{"p":3,"k":{"a":0,"k":[0,1,0.624,0.059,0.5,0.99,0.51,0.108,1,0.98,0.396,0.157],"ix":8}},"s":{"a":0,"k":[-184.418,167.594],"ix":4},"e":{"a":0,"k":[194.324,-39.895],"ix":5},"t":1,"lc":1,"lj":1,"ml":10,"ml2":{"a":0,"k":10,"ix":13},"bm":0,"nm":"Gradient Stroke 1","mn":"ADBE Vector Graphic - G-Stroke","hd":false},{"ty":"tr","p":{"a":0,"k":[265.501,220.246],"ix":2},"a":{"a":0,"k":[0,0],"ix":1},"s":{"a":0,"k":[100,100],"ix":3},"r":{"a":0,"k":0,"ix":6},"o":{"a":0,"k":100,"ix":7},"sk":{"a":0,"k":0,"ix":4},"sa":{"a":0,"k":0,"ix":5},"nm":"Transform"}],"nm":"Group 1","np":2,"cix":2,"bm":0,"ix":1,"mn":"ADBE Vector Group","hd":false},{"ty":"tm","s":{"a":1,"k":[{"i":{"x":[0.833],"y":[0.833]},"o":{"x":[0.167],"y":[0.167]},"t":0,"s":[100]},{"t":101,"s":[0]}],"ix":1},"e":{"a":0,"k":100,"ix":2},"o":{"a":0,"k":0,"ix":3},"m":1,"ix":2,"nm":"Trim Paths 1","mn":"ADBE Vector Filter - Trim","hd":false}],"ip":0,"op":120,"st":0,"bm":0},{"ddd":0,"ind":3,"ty":4,"nm":"line Outlines","sr":1,"ks":{"o":{"a":0,"k":10,"ix":11},"r":{"a":0,"k":0,"ix":10},"p":{"a":0,"k":[244.191,200.681,0],"ix":2},"a":{"a":0,"k":[265.501,220.246,0],"ix":1},"s":{"a":0,"k":[100,100,100],"ix":6}},"ao":0,"shapes":[{"ty":"gr","it":[{"ind":0,"ty":"sh","ix":1,"ks":{"a":0,"k":{"i":[[0,0],[0,46.597],[119.018,0],[0,-119.019],[-25.141,-35.251]],"o":[[25.142,-35.251],[0,-119.019],[-119.019,0],[0,46.597],[0,0]],"v":[[175.567,170.246],[215.502,45.256],[0,-170.246],[-215.501,45.256],[-175.568,170.246]],"c":false},"ix":2},"nm":"Path 1","mn":"ADBE Vector Shape - Group","hd":false},{"ty":"st","c":{"a":0,"k":[0.980000035903,0.481999984442,0.277999997606,1],"ix":3},"o":{"a":0,"k":100,"ix":4},"w":{"a":0,"k":20,"ix":5},"lc":1,"lj":1,"ml":10,"bm":0,"nm":"Stroke 1","mn":"ADBE Vector Graphic - Stroke","hd":false},{"ty":"tr","p":{"a":0,"k":[265.501,220.246],"ix":2},"a":{"a":0,"k":[0,0],"ix":1},"s":{"a":0,"k":[100,100],"ix":3},"r":{"a":0,"k":0,"ix":6},"o":{"a":0,"k":100,"ix":7},"sk":{"a":0,"k":0,"ix":4},"sa":{"a":0,"k":0,"ix":5},"nm":"Transform"}],"nm":"Group 1","np":2,"cix":2,"bm":0,"ix":1,"mn":"ADBE Vector Group","hd":false}],"ip":0,"op":120,"st":0,"bm":0},{"ddd":0,"ind":4,"ty":0,"nm":"numbers","refId":"comp_1","sr":1,"ks":{"o":{"a":0,"k":100,"ix":11},"r":{"a":0,"k":0,"ix":10},"p":{"a":0,"k":[244,248,0],"ix":2},"a":{"a":0,"k":[122,122,0],"ix":1},"s":{"a":0,"k":[200,200,100],"ix":6}},"ao":0,"w":244,"h":244,"ip":0,"op":120,"st":0,"bm":0},{"ddd":0,"ind":5,"ty":4,"nm":"outline Outlines","sr":1,"ks":{"o":{"a":0,"k":10,"ix":11},"r":{"a":0,"k":0,"ix":10},"p":{"a":0,"k":[244.151,195.622,0],"ix":2},"a":{"a":0,"k":[259.401,209.127,0],"ix":1},"s":{"a":0,"k":[100,100,100],"ix":6}},"ao":0,"shapes":[{"ty":"gr","it":[{"ind":0,"ty":"sh","ix":1,"ks":{"a":0,"k":{"i":[[0,0],[0,51.766],[132.219,0],[0,-132.218],[-27.93,-39.161]],"o":[[27.93,-39.161],[0,-132.218],[-132.219,0],[0,51.766],[0,0]],"v":[[195.038,189.127],[239.401,50.274],[0,-189.127],[-239.401,50.274],[-195.039,189.127]],"c":false},"ix":2},"nm":"Path 1","mn":"ADBE Vector Shape - Group","hd":false},{"ty":"st","c":{"a":0,"k":[0.980000035903,0.481999984442,0.277999997606,1],"ix":3},"o":{"a":0,"k":100,"ix":4},"w":{"a":0,"k":8,"ix":5},"lc":1,"lj":1,"ml":10,"bm":0,"nm":"Stroke 1","mn":"ADBE Vector Graphic - Stroke","hd":false},{"ty":"tr","p":{"a":0,"k":[259.401,209.127],"ix":2},"a":{"a":0,"k":[0,0],"ix":1},"s":{"a":0,"k":[100,100],"ix":3},"r":{"a":0,"k":0,"ix":6},"o":{"a":0,"k":100,"ix":7},"sk":{"a":0,"k":0,"ix":4},"sa":{"a":0,"k":0,"ix":5},"nm":"Transform"}],"nm":"Group 1","np":2,"cix":2,"bm":0,"ix":1,"mn":"ADBE Vector Group","hd":false}],"ip":0,"op":120,"st":0,"bm":0}]},{"id":"comp_1","layers":[{"ddd":0,"ind":1,"ty":4,"nm":"50 Outlines","sr":1,"ks":{"o":{"a":0,"k":100,"ix":11},"r":{"a":0,"k":0,"ix":10},"p":{"a":0,"k":[124,33.25,0],"ix":2},"a":{"a":0,"k":[0,0,0],"ix":1},"s":{"a":0,"k":[100,100,100],"ix":6}},"ao":0,"shapes":[{"ty":"gr","it":[{"ind":0,"ty":"sh","ix":1,"ks":{"a":0,"k":{"i":[[-0.674,0],[-0.485,0.448],[0,0.706],[0.407,0.378],[0.719,0],[0.251,-0.02],[0,0],[0,0],[0,0],[0,0],[0,0],[-0.361,0],[0,-0.693],[0.229,-0.194],[0.407,0],[0.479,0.293],[0,0]],"o":[[0.83,0],[0.485,-0.448],[0,-0.638],[-0.407,-0.378],[-0.182,0],[0,0],[0,0],[0,0],[0,0],[0,0],[0.472,-0.055],[0.98,0],[0,0.332],[-0.229,0.194],[-0.54,0],[0,0],[0.459,0.202]],"v":[[-3.359,0.122],[-1.387,-0.549],[-0.659,-2.28],[-1.27,-3.804],[-2.959,-4.37],[-3.608,-4.341],[-3.511,-5.742],[-0.981,-5.742],[-0.981,-7.002],[-4.688,-7.002],[-4.951,-3.096],[-3.701,-3.179],[-2.231,-2.139],[-2.576,-1.35],[-3.53,-1.06],[-5.059,-1.499],[-5.059,-0.181]],"c":true},"ix":2},"nm":"5","mn":"ADBE Vector Shape - Group","hd":false},{"ty":"fl","c":{"a":0,"k":[0.349019607843,0.341176470588,0.41568627451,1],"ix":4},"o":{"a":0,"k":100,"ix":5},"r":1,"bm":0,"nm":"Fill 1","mn":"ADBE Vector Graphic - Fill","hd":false},{"ty":"tr","p":{"a":0,"k":[0,0],"ix":2},"a":{"a":0,"k":[0,0],"ix":1},"s":{"a":0,"k":[100,100],"ix":3},"r":{"a":0,"k":0,"ix":6},"o":{"a":0,"k":100,"ix":7},"sk":{"a":0,"k":0,"ix":4},"sa":{"a":0,"k":0,"ix":5},"nm":"Transform"}],"nm":"5","np":3,"cix":2,"bm":0,"ix":1,"mn":"ADBE Vector Group","hd":false},{"ty":"gr","it":[{"ind":0,"ty":"sh","ix":1,"ks":{"a":0,"k":{"i":[[-0.444,0.632],[0,1.185],[1.628,0],[0.451,-0.636],[0,-1.214],[-1.667,0]],"o":[[0.444,-0.631],[0,-2.38],[-0.856,0],[-0.451,0.636],[0,2.341],[0.83,0]],"v":[[4.749,-0.825],[5.415,-3.55],[2.974,-7.119],[1.013,-6.165],[0.337,-3.389],[2.837,0.122]],"c":true},"ix":2},"nm":"0","mn":"ADBE Vector Shape - Group","hd":false},{"ind":1,"ty":"sh","ix":2,"ks":{"a":0,"k":{"i":[[0,-1.628],[0.638,0],[0,1.579],[-0.667,0]],"o":[[0,1.628],[-0.654,0],[0,-1.676],[0.625,0]],"v":[[3.843,-3.501],[2.886,-1.06],[1.904,-3.428],[2.905,-5.942]],"c":true},"ix":2},"nm":"0","mn":"ADBE Vector Shape - Group","hd":false},{"ty":"mm","mm":1,"nm":"Merge Paths 1","mn":"ADBE Vector Filter - Merge","hd":false},{"ty":"fl","c":{"a":0,"k":[0.349019607843,0.341176470588,0.41568627451,1],"ix":4},"o":{"a":0,"k":100,"ix":5},"r":1,"bm":0,"nm":"Fill 1","mn":"ADBE Vector Graphic - Fill","hd":false},{"ty":"tr","p":{"a":0,"k":[0,0],"ix":2},"a":{"a":0,"k":[0,0],"ix":1},"s":{"a":0,"k":[100,100],"ix":3},"r":{"a":0,"k":0,"ix":6},"o":{"a":0,"k":100,"ix":7},"sk":{"a":0,"k":0,"ix":4},"sa":{"a":0,"k":0,"ix":5},"nm":"Transform"}],"nm":"0","np":5,"cix":2,"bm":0,"ix":2,"mn":"ADBE Vector Group","hd":false}],"ip":0,"op":120,"st":0,"bm":0},{"ddd":0,"ind":2,"ty":4,"nm":"101 Outlines","sr":1,"ks":{"o":{"a":0,"k":100,"ix":11},"r":{"a":0,"k":0,"ix":10},"p":{"a":0,"k":[47,176.24,0],"ix":2},"a":{"a":0,"k":[0,0,0],"ix":1},"s":{"a":0,"k":[100,100,100],"ix":6}},"ao":0,"shapes":[{"ty":"gr","it":[{"ind":0,"ty":"sh","ix":1,"ks":{"a":0,"k":{"i":[[-0.444,0.632],[0,1.185],[1.628,0],[0.451,-0.636],[0,-1.214],[-1.667,0]],"o":[[0.444,-0.631],[0,-2.38],[-0.856,0],[-0.451,0.636],[0,2.341],[0.83,0]],"v":[[1.873,-0.825],[2.539,-3.55],[0.098,-7.119],[-1.863,-6.165],[-2.539,-3.389],[-0.039,0.122]],"c":true},"ix":2},"nm":"0","mn":"ADBE Vector Shape - Group","hd":false},{"ind":1,"ty":"sh","ix":2,"ks":{"a":0,"k":{"i":[[0,-1.628],[0.638,0],[0,1.579],[-0.667,0]],"o":[[0,1.628],[-0.654,0],[0,-1.676],[0.625,0]],"v":[[0.967,-3.501],[0.01,-1.06],[-0.972,-3.428],[0.029,-5.942]],"c":true},"ix":2},"nm":"0","mn":"ADBE Vector Shape - Group","hd":false},{"ty":"mm","mm":1,"nm":"Merge Paths 1","mn":"ADBE Vector Filter - Merge","hd":false},{"ty":"fl","c":{"a":0,"k":[0.349019607843,0.341176470588,0.41568627451,1],"ix":4},"o":{"a":0,"k":100,"ix":5},"r":1,"bm":0,"nm":"Fill 1","mn":"ADBE Vector Graphic - Fill","hd":false},{"ty":"tr","p":{"a":0,"k":[0,0],"ix":2},"a":{"a":0,"k":[0,0],"ix":1},"s":{"a":0,"k":[100,100],"ix":3},"r":{"a":0,"k":0,"ix":6},"o":{"a":0,"k":100,"ix":7},"sk":{"a":0,"k":0,"ix":4},"sa":{"a":0,"k":0,"ix":5},"nm":"Transform"}],"nm":"0","np":5,"cix":2,"bm":0,"ix":1,"mn":"ADBE Vector Group","hd":false}],"ip":0,"op":120,"st":0,"bm":0},{"ddd":0,"ind":3,"ty":4,"nm":"100 Outlines","sr":1,"ks":{"o":{"a":0,"k":100,"ix":11},"r":{"a":0,"k":0,"ix":10},"p":{"a":0,"k":[196,176.26,0],"ix":2},"a":{"a":0,"k":[0,0,0],"ix":1},"s":{"a":0,"k":[100,100,100],"ix":6}},"ao":0,"shapes":[{"ty":"gr","it":[{"ind":0,"ty":"sh","ix":1,"ks":{"a":0,"k":{"i":[[0,0],[0.355,-0.182],[0.4,-0.117],[0,0],[-0.14,0.037],[-0.13,0.054],[-0.116,0.067],[-0.085,0.075],[0,0],[0,0],[0,0]],"o":[[-0.286,0.218],[-0.355,0.182],[0,0],[0.137,-0.016],[0.14,-0.037],[0.13,-0.054],[0.116,-0.067],[0,0],[0,0],[0,0],[0,0]],"v":[[-5.498,-7.158],[-6.46,-6.558],[-7.593,-6.108],[-7.593,-4.81],[-7.178,-4.89],[-6.772,-5.027],[-6.404,-5.208],[-6.104,-5.42],[-6.104,0],[-4.565,0],[-4.565,-7.158]],"c":true},"ix":2},"nm":"1","mn":"ADBE Vector Shape - Group","hd":false},{"ty":"fl","c":{"a":0,"k":[0.349019607843,0.341176470588,0.41568627451,1],"ix":4},"o":{"a":0,"k":100,"ix":5},"r":1,"bm":0,"nm":"Fill 1","mn":"ADBE Vector Graphic - Fill","hd":false},{"ty":"tr","p":{"a":0,"k":[0,0],"ix":2},"a":{"a":0,"k":[0,0],"ix":1},"s":{"a":0,"k":[100,100],"ix":3},"r":{"a":0,"k":0,"ix":6},"o":{"a":0,"k":100,"ix":7},"sk":{"a":0,"k":0,"ix":4},"sa":{"a":0,"k":0,"ix":5},"nm":"Transform"}],"nm":"1","np":3,"cix":2,"bm":0,"ix":1,"mn":"ADBE Vector Group","hd":false},{"ty":"gr","it":[{"ind":0,"ty":"sh","ix":1,"ks":{"a":0,"k":{"i":[[-0.444,0.632],[0,1.185],[1.628,0],[0.451,-0.636],[0,-1.214],[-1.667,0]],"o":[[0.444,-0.631],[0,-2.38],[-0.856,0],[-0.451,0.636],[0,2.341],[0.83,0]],"v":[[1.873,-0.825],[2.539,-3.55],[0.098,-7.119],[-1.863,-6.165],[-2.539,-3.389],[-0.039,0.122]],"c":true},"ix":2},"nm":"0","mn":"ADBE Vector Shape - Group","hd":false},{"ind":1,"ty":"sh","ix":2,"ks":{"a":0,"k":{"i":[[0,-1.628],[0.638,0],[0,1.579],[-0.667,0]],"o":[[0,1.628],[-0.654,0],[0,-1.676],[0.625,0]],"v":[[0.967,-3.501],[0.01,-1.06],[-0.972,-3.428],[0.029,-5.942]],"c":true},"ix":2},"nm":"0","mn":"ADBE Vector Shape - Group","hd":false},{"ty":"mm","mm":1,"nm":"Merge Paths 1","mn":"ADBE Vector Filter - Merge","hd":false},{"ty":"fl","c":{"a":0,"k":[0.349019607843,0.341176470588,0.41568627451,1],"ix":4},"o":{"a":0,"k":100,"ix":5},"r":1,"bm":0,"nm":"Fill 1","mn":"ADBE Vector Graphic - Fill","hd":false},{"ty":"tr","p":{"a":0,"k":[0,0],"ix":2},"a":{"a":0,"k":[0,0],"ix":1},"s":{"a":0,"k":[100,100],"ix":3},"r":{"a":0,"k":0,"ix":6},"o":{"a":0,"k":100,"ix":7},"sk":{"a":0,"k":0,"ix":4},"sa":{"a":0,"k":0,"ix":5},"nm":"Transform"}],"nm":"0","np":5,"cix":2,"bm":0,"ix":2,"mn":"ADBE Vector Group","hd":false},{"ty":"gr","it":[{"ind":0,"ty":"sh","ix":1,"ks":{"a":0,"k":{"i":[[-0.444,0.632],[0,1.185],[1.628,0],[0.451,-0.636],[0,-1.214],[-1.667,0]],"o":[[0.444,-0.631],[0,-2.38],[-0.856,0],[-0.451,0.636],[0,2.341],[0.83,0]],"v":[[7.625,-0.825],[8.291,-3.55],[5.85,-7.119],[3.889,-6.165],[3.213,-3.389],[5.713,0.122]],"c":true},"ix":2},"nm":"0","mn":"ADBE Vector Shape - Group","hd":false},{"ind":1,"ty":"sh","ix":2,"ks":{"a":0,"k":{"i":[[0,-1.628],[0.638,0],[0,1.579],[-0.667,0]],"o":[[0,1.628],[-0.654,0],[0,-1.676],[0.625,0]],"v":[[6.719,-3.501],[5.762,-1.06],[4.78,-3.428],[5.781,-5.942]],"c":true},"ix":2},"nm":"0","mn":"ADBE Vector Shape - Group","hd":false},{"ty":"mm","mm":1,"nm":"Merge Paths 1","mn":"ADBE Vector Filter - Merge","hd":false},{"ty":"fl","c":{"a":0,"k":[0.349019607843,0.341176470588,0.41568627451,1],"ix":4},"o":{"a":0,"k":100,"ix":5},"r":1,"bm":0,"nm":"Fill 1","mn":"ADBE Vector Graphic - Fill","hd":false},{"ty":"tr","p":{"a":0,"k":[0,0],"ix":2},"a":{"a":0,"k":[0,0],"ix":1},"s":{"a":0,"k":[100,100],"ix":3},"r":{"a":0,"k":0,"ix":6},"o":{"a":0,"k":100,"ix":7},"sk":{"a":0,"k":0,"ix":4},"sa":{"a":0,"k":0,"ix":5},"nm":"Transform"}],"nm":"0","np":5,"cix":2,"bm":0,"ix":3,"mn":"ADBE Vector Group","hd":false}],"ip":0,"op":120,"st":0,"bm":0},{"ddd":0,"ind":4,"ty":4,"nm":"75 Outlines","sr":1,"ks":{"o":{"a":0,"k":100,"ix":11},"r":{"a":0,"k":0,"ix":10},"p":{"a":0,"k":[208,101.721,0],"ix":2},"a":{"a":0,"k":[0,0,0],"ix":1},"s":{"a":0,"k":[100,100,100],"ix":6}},"ao":0,"shapes":[{"ty":"gr","it":[{"ind":0,"ty":"sh","ix":1,"ks":{"a":0,"k":{"i":[[0,0],[0,0],[0,0],[0,0],[0.239,-0.449],[0.197,-0.474],[0.15,-0.505],[0.091,-0.544],[0,0],[-0.134,0.496],[-0.189,0.48],[-0.247,0.493],[-0.312,0.563]],"o":[[0,0],[0,0],[0,0],[-0.267,0.43],[-0.239,0.449],[-0.197,0.474],[-0.15,0.505],[0,0],[0.085,-0.573],[0.133,-0.496],[0.189,-0.48],[0.247,-0.493],[0,0]],"v":[[-0.41,-7.002],[-5.283,-7.002],[-5.283,-5.742],[-2.031,-5.742],[-2.791,-4.424],[-3.445,-3.04],[-3.965,-1.572],[-4.326,0],[-2.715,0],[-2.388,-1.604],[-1.904,-3.069],[-1.25,-4.529],[-0.41,-6.113]],"c":true},"ix":2},"nm":"7","mn":"ADBE Vector Shape - Group","hd":false},{"ty":"fl","c":{"a":0,"k":[0.349019607843,0.341176470588,0.41568627451,1],"ix":4},"o":{"a":0,"k":100,"ix":5},"r":1,"bm":0,"nm":"Fill 1","mn":"ADBE Vector Graphic - Fill","hd":false},{"ty":"tr","p":{"a":0,"k":[0,0],"ix":2},"a":{"a":0,"k":[0,0],"ix":1},"s":{"a":0,"k":[100,100],"ix":3},"r":{"a":0,"k":0,"ix":6},"o":{"a":0,"k":100,"ix":7},"sk":{"a":0,"k":0,"ix":4},"sa":{"a":0,"k":0,"ix":5},"nm":"Transform"}],"nm":"7","np":3,"cix":2,"bm":0,"ix":1,"mn":"ADBE Vector Group","hd":false},{"ty":"gr","it":[{"ind":0,"ty":"sh","ix":1,"ks":{"a":0,"k":{"i":[[-0.674,0],[-0.485,0.448],[0,0.706],[0.407,0.378],[0.719,0],[0.251,-0.02],[0,0],[0,0],[0,0],[0,0],[0,0],[-0.361,0],[0,-0.693],[0.229,-0.194],[0.407,0],[0.479,0.293],[0,0]],"o":[[0.83,0],[0.485,-0.448],[0,-0.638],[-0.407,-0.378],[-0.182,0],[0,0],[0,0],[0,0],[0,0],[0,0],[0.472,-0.055],[0.98,0],[0,0.332],[-0.229,0.194],[-0.54,0],[0,0],[0.459,0.202]],"v":[[2.393,0.122],[4.365,-0.549],[5.093,-2.28],[4.482,-3.804],[2.793,-4.37],[2.144,-4.341],[2.241,-5.742],[4.771,-5.742],[4.771,-7.002],[1.064,-7.002],[0.801,-3.096],[2.051,-3.179],[3.521,-2.139],[3.176,-1.35],[2.222,-1.06],[0.693,-1.499],[0.693,-0.181]],"c":true},"ix":2},"nm":"5","mn":"ADBE Vector Shape - Group","hd":false},{"ty":"fl","c":{"a":0,"k":[0.349019607843,0.341176470588,0.41568627451,1],"ix":4},"o":{"a":0,"k":100,"ix":5},"r":1,"bm":0,"nm":"Fill 1","mn":"ADBE Vector Graphic - Fill","hd":false},{"ty":"tr","p":{"a":0,"k":[0,0],"ix":2},"a":{"a":0,"k":[0,0],"ix":1},"s":{"a":0,"k":[100,100],"ix":3},"r":{"a":0,"k":0,"ix":6},"o":{"a":0,"k":100,"ix":7},"sk":{"a":0,"k":0,"ix":4},"sa":{"a":0,"k":0,"ix":5},"nm":"Transform"}],"nm":"5","np":3,"cix":2,"bm":0,"ix":2,"mn":"ADBE Vector Group","hd":false}],"ip":0,"op":120,"st":0,"bm":0},{"ddd":0,"ind":5,"ty":4,"nm":"25 Outlines","sr":1,"ks":{"o":{"a":0,"k":100,"ix":11},"r":{"a":0,"k":0,"ix":10},"p":{"a":0,"k":[39.5,101.779,0],"ix":2},"a":{"a":0,"k":[0,0,0],"ix":1},"s":{"a":0,"k":[100,100,100],"ix":6}},"ao":0,"shapes":[{"ty":"gr","it":[{"ind":0,"ty":"sh","ix":1,"ks":{"a":0,"k":{"i":[[-0.065,0.101],[-0.111,0.106],[-0.145,0.109],[-0.156,0.111],[-0.215,0.171],[-0.164,0.205],[-0.099,0.251],[0,0.322],[0.103,0.246],[0.195,0.173],[0.282,0.093],[0.355,0],[0.609,-0.394],[0,0],[-0.602,0],[-0.169,-0.153],[0,-0.299],[0.052,-0.135],[0.106,-0.132],[0.155,-0.133],[0.205,-0.146],[0.216,-0.174],[0.182,-0.226],[0.12,-0.285],[0,-0.358],[0,0],[0,0],[0,0],[0,0]],"o":[[0.065,-0.101],[0.111,-0.106],[0.145,-0.109],[0.231,-0.159],[0.215,-0.171],[0.164,-0.205],[0.099,-0.251],[0,-0.303],[-0.103,-0.246],[-0.195,-0.173],[-0.282,-0.093],[-0.765,0],[0,0],[0.55,-0.479],[0.348,0],[0.169,0.153],[0,0.153],[-0.052,0.135],[-0.106,0.132],[-0.155,0.134],[-0.195,0.14],[-0.217,0.174],[-0.182,0.226],[-0.12,0.285],[0,0],[0,0],[0,0],[0,0],[0,-0.091]],"v":[[-3.56,-1.567],[-3.296,-1.877],[-2.913,-2.2],[-2.461,-2.529],[-1.792,-3.025],[-1.223,-3.589],[-0.828,-4.272],[-0.679,-5.132],[-0.833,-5.955],[-1.279,-6.582],[-1.995,-6.98],[-2.949,-7.119],[-5.01,-6.528],[-5.01,-5.171],[-3.281,-5.889],[-2.505,-5.659],[-2.251,-4.98],[-2.329,-4.548],[-2.566,-4.148],[-2.957,-3.75],[-3.496,-3.33],[-4.114,-2.859],[-4.712,-2.258],[-5.166,-1.492],[-5.347,-0.527],[-5.347,0],[-0.688,0],[-0.688,-1.279],[-3.657,-1.279]],"c":true},"ix":2},"nm":"2","mn":"ADBE Vector Shape - Group","hd":false},{"ty":"fl","c":{"a":0,"k":[0.349019607843,0.341176470588,0.41568627451,1],"ix":4},"o":{"a":0,"k":100,"ix":5},"r":1,"bm":0,"nm":"Fill 1","mn":"ADBE Vector Graphic - Fill","hd":false},{"ty":"tr","p":{"a":0,"k":[0,0],"ix":2},"a":{"a":0,"k":[0,0],"ix":1},"s":{"a":0,"k":[100,100],"ix":3},"r":{"a":0,"k":0,"ix":6},"o":{"a":0,"k":100,"ix":7},"sk":{"a":0,"k":0,"ix":4},"sa":{"a":0,"k":0,"ix":5},"nm":"Transform"}],"nm":"2","np":3,"cix":2,"bm":0,"ix":1,"mn":"ADBE Vector Group","hd":false},{"ty":"gr","it":[{"ind":0,"ty":"sh","ix":1,"ks":{"a":0,"k":{"i":[[-0.674,0],[-0.485,0.448],[0,0.706],[0.407,0.378],[0.719,0],[0.251,-0.02],[0,0],[0,0],[0,0],[0,0],[0,0],[-0.361,0],[0,-0.693],[0.229,-0.194],[0.407,0],[0.479,0.293],[0,0]],"o":[[0.83,0],[0.485,-0.448],[0,-0.638],[-0.407,-0.378],[-0.182,0],[0,0],[0,0],[0,0],[0,0],[0,0],[0.472,-0.055],[0.98,0],[0,0.332],[-0.229,0.194],[-0.54,0],[0,0],[0.459,0.202]],"v":[[2.393,0.122],[4.365,-0.549],[5.093,-2.28],[4.482,-3.804],[2.793,-4.37],[2.144,-4.341],[2.241,-5.742],[4.771,-5.742],[4.771,-7.002],[1.064,-7.002],[0.801,-3.096],[2.051,-3.179],[3.521,-2.139],[3.176,-1.35],[2.222,-1.06],[0.693,-1.499],[0.693,-0.181]],"c":true},"ix":2},"nm":"5","mn":"ADBE Vector Shape - Group","hd":false},{"ty":"fl","c":{"a":0,"k":[0.349019607843,0.341176470588,0.41568627451,1],"ix":4},"o":{"a":0,"k":100,"ix":5},"r":1,"bm":0,"nm":"Fill 1","mn":"ADBE Vector Graphic - Fill","hd":false},{"ty":"tr","p":{"a":0,"k":[0,0],"ix":2},"a":{"a":0,"k":[0,0],"ix":1},"s":{"a":0,"k":[100,100],"ix":3},"r":{"a":0,"k":0,"ix":6},"o":{"a":0,"k":100,"ix":7},"sk":{"a":0,"k":0,"ix":4},"sa":{"a":0,"k":0,"ix":5},"nm":"Transform"}],"nm":"5","np":3,"cix":2,"bm":0,"ix":2,"mn":"ADBE Vector Group","hd":false}],"ip":0,"op":120,"st":0,"bm":0}]}],"layers":[{"ddd":0,"ind":1,"ty":0,"nm":"speedtest","refId":"comp_0","sr":1,"ks":{"o":{"a":0,"k":100,"ix":11},"r":{"a":0,"k":0,"ix":10},"p":{"a":0,"k":[122,122,0],"ix":2},"a":{"a":0,"k":[244,244,0],"ix":1},"s":{"a":0,"k":[50,50,100],"ix":6}},"ao":0,"w":488,"h":488,"ip":0,"op":120,"st":0,"bm":0}],"markers":[]}