<?xml version="1.0" encoding="utf-8"?>
<Window roundcorner="0,0,0,0" sizebox="0,0,0,0" size="355,208" layeredimage="file='bg_dialogue.png' corner='10,10,10,68' hquality='false'">
 <Font id="0" name="微软雅黑" size="14" bold="false" default="true"/>
 <Font id="1" name="微软雅黑" size="16" bold="true"/>
 <Font id="2" name="微软雅黑" size="18" bold="true"/>
 <Font id="3" name="微软雅黑" size="16"/>
 <Font id="4" name="微软雅黑" size="14" bold="true"/>
<VerticalLayout>
  <Button name="dlg_close" tooltip="Close" float="true" pos="320,11,348,31" normalimage="file='close_dialogue.png' source='0,0,28,20'" hotimage="file='close_dialogue.png' source='28,0,56,20'" pushedimage="file='close_dialogue.png' source='28,0,56,20'"/>
  <Label textid="104" height="19" textcolor="#fe666666" font="2" align="center" valign="vcenter" padding="10,32,10,0"/>
  <HorizontalLayout padding="10,10,10,0" height="20" childvalign="vcenter">
    <Control></Control>
    <VerticalLayout inset="0,6,0,0" width="14">
      <Control bkimage="ic_email@1x.png" width="14" height="12"></Control>
    </VerticalLayout>
    <Label text="turbovpn-support@inconnecting.com" font="0" width="255" height="20" textcolor="#fefa7b47" align="left" valign="vcenter" padding="4,0,0,0"/>
    <Control></Control>
  </HorizontalLayout>
  <Label textid="120" height="32" textcolor="#fe666666" multiline="true" align="center" valign="vcenter" padding="61,14,61,0"/>
  <Control></Control>
  <Button name="copy_btn" textid="121" height="19" textcolor="#fe666666" pushedtextcolor="fe3A384D" font="4" align="center" valign="vcenter" padding="10,0,10,20"/>
</VerticalLayout>
</Window>