<?xml version="1.0" encoding="utf-8"?>
<Window sizebox="0,0,0,0" mininfo="300,300" size="300,300"  layeredimage="" layeredopacity="160">
 <Font id="0" name="微软雅黑" size="13" bold="false" default="true"/>
 <Font id="1" name="微软雅黑" size="18" bold="true"/>
 <Font id="2" name="微软雅黑" size="12" shared="true" />
 <Font id="3" name="微软雅黑" size="16" bold="true"/>
 <Font id="4" name="微软雅黑" size="14" bold="true" shared="true"/>
 <Font id="5" name="微软雅黑" size="20" />
 <Font id="6" name="微软雅黑" size="14" shared="true"/>
 <Font id="7" name="微软雅黑" size="12" bold="true"/>
 <Font id="8" name="微软雅黑" size="16" />
 <Font id="9" name="微软雅黑" size="24" bold="true" shared="true"/>
 <Font id="10" name="微软雅黑" size="12" />
 <Font id="11" name="微软雅黑" size="10" />
 <Font id="12" name="微软雅黑" size="11" bold="true"/>
<VerticalLayout visible="true" name="start_page">
	<GifAnim bkimage="run2.gif" autosize="true"/>
</VerticalLayout>
</Window>