<?xml version="1.0" encoding="utf-8"?>
<Window roundcorner="0,0,0,0" sizebox="0,0,0,0" size="290,94">
 <Font id="0" name="Segoe UI" size="14" bold="false" default="true"/>
 <Font id="1" name="Segoe UI" size="16" bold="true"/>
<VerticalLayout bkcolor="0xff848484">
 <!-- <Button name="dlg_close" tooltip="关闭" float="true" pos="252,6,272,26" normalimage="ic_arrow.png"/>-->
  <HorizontalLayout padding="12,12,6,12">
	  <VerticalLayout childpadding="6" padding="0,0,12,0">
		  <Label text="Reminder" height="20" textcolor="#ffffffff" font="1" align="left" valign="vcenter"/>
      <Label text="VPN disconnected, kill switch is protecting your data from leaks." multiline="true" height="18" textcolor="#ffffffff" align="left" valign="vcenter"/>   
	  </VerticalLayout>
  </HorizontalLayout>
</VerticalLayout>
</Window>