<?xml version="1.0" encoding="utf-8"?>
<Window roundcorner="0,0,0,0" sizebox="0,0,0,0" size="286,157" layeredimage="file='max_bind_bg_dialogue.png' corner='10,10,10,68' hquality='false'">
  <Font id="0" name="Segoe UI" size="14" bold="false" default="true"/>
  <Font id="1" name="Segoe UI" size="16"/>
  <VerticalLayout>
    <Button name="dlg_close" tooltipid="126" float="true" pos="244,15,272,35" normalimage="file='close_dialogue.png' source='0,0,28,20'" hotimage="file='close_dialogue.png' source='28,0,56,20'" pushedimage="file='close_dialogue.png' source='28,0,56,20'"/>
    <Label mouse="false" text="Reminder" height="24" textcolor="#fe171426" font="1" align="center" valign="vcenter" padding="10,16,10,0"/>
    <Label textcolor="#fe171426" text="Selecting Automatic usually provides the most reliabel connection." align="center" valign="vcenter" multiline="true" padding="10,6,10,0"/>
    <Control></Control>
    <HorizontalLayout inset="10,0,10,0" height="44">
      <Button name="dlg_cancel" text="Cancel" textcolor="#fe171426" hottextcolor="#fe29C5A6" pushedtextcolor="#fe29C5A6" font="1" align="center" valign="vcenter" />
      <Button name="copy_btn" text="Change Anyway" textcolor="#fe171426" hottextcolor="#fe29C5A6" pushedtextcolor="#fe29C5A6" font="1" align="center" valign="vcenter" />
    </HorizontalLayout>
  </VerticalLayout>
</Window>