<?xml version="1.0" encoding="utf-8"?>
<Window roundcorner="0,0,0,0" sizebox="0,0,0,0" size="710,580"  layeredimage="file='bg_mask.png'" layeredopacity="255">
  <Font id="0" name="Segoe UI" size="14" bold="false" default="true"/>
  <Font id="1" name="Segoe UI" size="16"/>
  <VerticalLayout>
  	<Control />
  	<VerticalLayout padding="266,0,0,0" bkimage="file='bg_dialogue.png' corner='10,10,10,68' hquality='false'" width="320" height="158" >
	    <Button name="dlg_close" tooltipid="126" float="true" pos="286,15,314,35" normalimage="file='close_dialogue.png' source='0,0,28,20'" hotimage="file='close_dialogue.png' source='28,0,56,20'" pushedimage="file='close_dialogue.png' source='28,0,56,20'"/>
	    <Label mouse="false" textid="417" height="24" textcolor="#fe171426" font="1" align="center" valign="vcenter" padding="10,16,10,0"/>
	    <Label textcolor="#fe171426" textid="416" align="center" valign="vcenter" multiline="true" padding="10,6,10,0"/>
	    <Control></Control>
	    <HorizontalLayout inset="10,0,10,0" height="44">
	      <Button name="dlg_cancel" textid="223" textcolor="#fe171426" hottextcolor="#fe29C5A6" pushedtextcolor="#fe29C5A6" font="1" align="center" valign="vcenter" />
	      <Button name="copy_btn" textid="415"  textcolor="#fe171426" hottextcolor="#fe29C5A6" pushedtextcolor="#fe29C5A6" font="1" align="center" valign="vcenter" />
	    </HorizontalLayout>
    </VerticalLayout>
	<Control />
  </VerticalLayout>
</Window>