<?xml version="1.0" encoding="utf-8"?>
<Window roundcorner="0,0,0,0" sizebox="0,0,0,0" size="274,90">
  <Font id="0" name="Segoe UI" size="14" bold="false" default="true"/>
  <Font id="1" name="Segoe UI" size="14" bold="true"/>
  <VerticalLayout bkcolor="0xff848484">
    <!-- <Button name="dlg_close" tooltip="关闭" float="true" pos="252,6,272,26" normalimage="ic_arrow.png"/>-->
    <HorizontalLayout padding="12,12,6,12">
      <VerticalLayout childpadding="6" padding="0,0,12,0">
        <Label textid="362" height="20" textcolor="#ffffffff" font="1" align="left" valign="vcenter"/>
        <Label textid="360" height="18" multiline="true" textcolor="#ffffffff" align="left" valign="vcenter"/>
      </VerticalLayout>
    </HorizontalLayout>
  </VerticalLayout>
</Window>