<?xml version="1.0" encoding="utf-8"?>
<Window>
  <HorizontalLayout childvalign="vcenter" height="42" bkcolor="#FFF6F2F2" >
    <Option name="wifi_item_op"  float="true" pos="0,0,508,42"   hotimage="file='SplitTunneling/Rectangle_2.png'"   group="wifiitem" />
    <Control bkimage="settings/ic_wifi.png" mouse="false" width="20" height="20" padding="17,0,19,0"></Control>
    <Label name="wifi_item_title" mouse="false" valign="vcenter"  padding="-4,0,0,0"  endellipsis="true" font="6" height="22"/>
    <Button name="wifi_item_close" tooltipid="359" width="24" height="24" normalimage="file='settings/ic_remove_normal.png'" hotimage="file='settings/ic_remove_hover.png'" pushedimage="file='settings/ic_remove_hover.png'" padding="2,0,16,0"/>
   <!-- <Control float="true" pos="0,49,250,50" bkimage="file='line_list.png' hquality='false'" height="1" mouse="false"></Control>-->
  </HorizontalLayout>
</Window>