<?xml version="1.0" encoding="utf-8"?>
<Window caption="0,0,0,0" roundcorner="0,0,0,0" sizebox="0,0,0,0" mininfo="308,42" size="710,580">
 <Font id="0" name="Segoe UI" size="13" bold="false" default="true"/>
 <Font id="1" name="Segoe UI" size="18" bold="true"/>
 <Font id="2" name="Segoe UI" size="12" shared="true" />
 <Font id="3" name="Segoe UI" size="16" bold="true"/>
 <Font id="4" name="Segoe UI" size="14" bold="true"/>
 <Font id="5" name="Segoe UI" size="20" />
 <Font id="6" name="Segoe UI" size="14" />
 <Font id="7" name="Segoe UI" size="12" bold="true"/>
 <Font id="8" name="Segoe UI" size="16" />
 <Font id="9" name="Segoe UI" size="10" />
 <Font id="10" name="Segoe UI" size="8" />
  <Font id="11" name="Segoe UI" size="18" />
   <Font id="12" name="Segoe UI" size="17" />
      <Font id="13" name="Segoe UI" size="26" bold="false"  />
<!--<Default name="VScrollBar" value="width=&quot;8&quot; showbutton1=&quot;false&quot; showbutton2=&quot;false&quot; thumbnormalimage=&quot;file='Scrollbars.png' source='0,0,8,12' corner='2,3,2,3'&quot; thumbhotimage=&quot;file='Scrollbars.png' source='0,0,8,12' corner='2,3,2,3'&quot; thumbpushedimage=&quot;file='Scrollbars.png' source='0,0,8,12' corner='2,3,2,3'&quot; bknormalimage=&quot;file='Scrollbars.png' source='0,12,8,24' corner='2,3,2,3'&quot; bkhotimage=&quot;file='Scrollbars.png' source='0,12,8,24' corner='2,3,2,3'&quot; bkpushedimage=&quot;file='Scrollbars.png' source='0,12,8,24' corner='2,3,2,3'&quot;" />-->
<Default name="VScrollBar" value="bknormalimage=&quot;file='upgrade/bg_normal.png' source='0,0,5,60'&quot; width=&quot;5&quot; scrollunit=&quot;42&quot; showbutton1=&quot;false&quot; showbutton2=&quot;false&quot; thumbnormalimage=&quot;file='upgrade/scroller.png' hquality='false' source='0,0,5,60' corner='3,3,3,3'&quot; thumbhotimage=&quot;file='upgrade/scroller.png' source='0,0,5,60' corner='3,3,3,3'&quot; thumbpushedimage=&quot;file='upgrade/scroller.png' source='0,0,5,60' corner='3,3,3,3'&quot;"/>
<VerticalLayout  bkcolor="#FFFFFFFF">
  <Control bkimage="upgrade/bg_install.png"  mouse="false" float="true" pos="0,0,710,260" ></Control>
 
  <Control bkimage="file='upgrade/logo_turbo.png'"  mouse="false" float="true" pos="12,9,32,29" />
  <Control bkimage="file='upgrade/Turbo VPN.png' corner='0,0,0,0'"  mouse="false" float="true" pos="44,14,130,26" />
  <VerticalLayout name="user_install_agree_page" childalign="center" visible ="true"> 
	<Label font="1" textcolor="#FFFFFFFF" text="A new version of Turbo VPN is available!"   height="25" align="center"  valign="vcenter"  mouse="false"  padding="0,80,0,0"></Label>
	
 	<Label font="8" textcolor="0xffFFFFFF"  name="app_version" text="Version 3.0.1.1"   height="21" align="center" mouse="false"  padding="0,15,0,0"></Label>
	

	<VerticalLayout name="upgrade_notes_vl" bkcolor="#FFF4F4F4" bordersize="0"  float="true" pos="108,176,602,389" vscrollbar="true"  borderround="8,8" >
		<Text name="upgrade_notes"  font="4"  mouse="false" multiline="true"  showhtml="true"   padding="24,24,0,0" textcolor="#FF000000" text="1.Some important updates"></Text>
		 <Control />
	</VerticalLayout>

  </VerticalLayout>
  

 <Button name="dlg_ok" text="Install upgrade"   textcolor="#FFFFFFFF" font="6"   float="true" pos="191,434,519,476" normalimage="file='upgrade/normalimage.png'" hotimage="file='upgrade/hotimage.png'" pushedimage="file='upgrade/pushedimage.png'" />


  <HorizontalLayout  float="true" pos="0,0,710,32" childvalign="vcenter" inset="0,1,10,0">
   <Control mouse="false"/>
   <!--
   <Button name="minibtn" tooltipid="125" width="28" height="20" normalimage="file='upgrade/minimize.png' source='0,0,28,20'" hotimage="file='upgrade/minimize.png' source='28,0,56,20'" pushedimage="file='upgrade/minimize.png' source='28,0,56,20'" padding="0,0,0,0"/>
   -->
   <Button name="dlg_close" tooltipid="126" width="28" height="20" normalimage="file='upgrade/close.png' source='0,0,28,20'" hotimage="file='upgrade/close.png' source='28,0,56,20'" pushedimage="file='upgrade/close.png' source='28,0,56,20'"/>
 </HorizontalLayout>
 

</VerticalLayout>
</Window>