<?xml version="1.0" encoding="utf-8"?>
<Window roundcorner="0,0,0,-1" sizebox="0,0,0,0" size="710,580"   layeredimage="file='bg_mask.png'" layeredopacity="255"  >
<Font id="1" name="Segoe UI" size="16" bold="true"/>
<Font id="2" name="Segoe UI" size="24" bold="true"/>
<Font id="3" name="Segoe UI" size="14" bold="true"/>
<Font id="10" name="Segoe UI" size="10" />
<Font id="11" name="Segoe UI" size="11" />
<Font id="12" name="Segoe UI" size="12" bold="true" />
<Font id="13" name="Segoe UI" size="13" />
<Font id="14" name="Segoe UI" size="14" bold="false" default="true"/>
<Font id="15" name="Segoe UI" size="15" />
<Font id="16" name="Segoe UI" size="16" />
<Font id="18" name="Segoe UI" size="18" bold="true" />
<Font id="20" name="Segoe UI" size="20" />
<Font id="22" name="Segoe UI" size="22" />
<Font id="23" name="Segoe UI" size="23"  bold="true"/>
<Font id="24" name="Segoe UI" size="24"  bold="true"/>
<Font id="30" name="Segoe UI" size="30" bold="true" />
<Font id="32" name="Segoe UI" size="32" />


<VerticalLayout itemshowhtml="true"  bkimage="file='bg_mask.png'"  name="promotion_dlg"  borderround="8,8">

	
	<VerticalLayout bkimage="pay/dlg_1_bg.png" float="true" pos="85,98,625,418"   borderround="12,12">

			  <GifAnim name ="bk_gif" bkimage="pay/bg_banner.png"  borderround="12,12" />
	  
	</VerticalLayout>
	<VerticalLayout bkimage="pay/dlg_1_bg.png" float="true"  pos="143,451,567,499" borderround="16,16"  >

			  <GifAnim name ="dlg_btn_1_gif" bkimage="pay/btn_purchase_normal.png"   />
	  
	</VerticalLayout>

	<Button name="dlg_btn_1" float="true" textcolor="#ffFFFFFF" font="1" text="Start Subscription" pos="143,451,567,499"   bkimage1="file='pay/btn_purchase_normal.png'"  />





	<Button name="dlg_close" tooltip="close" float="true" visible="true" pos="621,68,649,96" bkimage="file='pay/round_del.png' "/>	
</VerticalLayout>
</Window>