<?xml version="1.0" encoding="utf-8"?>
<Window caption="0,0,0,0" roundcorner="0,0,0,0" sizebox="0,0,0,0" size="710,580">
 <Font id="0" name="Segoe UI" size="13" bold="false" default="true"/>
 <Font id="1" name="Segoe UI" size="18" bold="true"/>
 <Font id="2" name="Segoe UI" size="12" shared="true" />
 <Font id="3" name="Segoe UI" size="16" bold="true"/>
 <Font id="4" name="Segoe UI" size="14" bold="true"/>
 <Font id="5" name="Segoe UI" size="20" />
 <Font id="6" name="Segoe UI" size="14" />
 <Font id="7" name="Segoe UI" size="12" bold="true"/>
 <Font id="8" name="Segoe UI" size="16" />
 <Font id="9" name="Segoe UI" size="10" />
 <Font id="10" name="Segoe UI" size="8" />
<!--<Default name="VScrollBar" value="width=&quot;8&quot; showbutton1=&quot;false&quot; showbutton2=&quot;false&quot; thumbnormalimage=&quot;file='Scrollbars.png' source='0,0,8,12' corner='2,3,2,3'&quot; thumbhotimage=&quot;file='Scrollbars.png' source='0,0,8,12' corner='2,3,2,3'&quot; thumbpushedimage=&quot;file='Scrollbars.png' source='0,0,8,12' corner='2,3,2,3'&quot; bknormalimage=&quot;file='Scrollbars.png' source='0,12,8,24' corner='2,3,2,3'&quot; bkhotimage=&quot;file='Scrollbars.png' source='0,12,8,24' corner='2,3,2,3'&quot; bkpushedimage=&quot;file='Scrollbars.png' source='0,12,8,24' corner='2,3,2,3'&quot;" />-->
<Default name="VScrollBar" value="width=&quot;8&quot; scrollunit=&quot;42&quot; showbutton1=&quot;false&quot; showbutton2=&quot;false&quot; thumbnormalimage=&quot;file='scrollbar.png' hquality='false' source='0,0,8,62' corner='3,3,3,3'&quot; thumbhotimage=&quot;file='scrollbar.png' source='0,0,8,62' corner='3,3,3,3'&quot; thumbpushedimage=&quot;file='scrollbar.png' source='0,0,8,62' corner='3,3,3,3'&quot;"/>
<VerticalLayout bkcolor="#FFFFFFFF" >

	<VerticalLayout height="164" width ="710" bkimage="file='account/bg_accout.png' corner=0,1,0,0" >
<!--
		<HorizontalLayout height="20" padding="648,10,0,0" >
			<Button name="minibtn"  tooltipid="125" width="28"  height="20" normalimage="file='minimize.png' source='0,0,28,20'" hotimage="file='minimize.png' source='28,0,56,20'" pushedimage="file='minimize.png' source='28,0,56,20'" padding="0,0,0,0"/>
			<Button name="closebtn"   tooltipid="126" width="28" height="20" normalimage="file='close.png' source='0,0,28,20'" hotimage="file='close.png' source='28,0,56,20'" pushedimage="file='close.png' source='28,0,56,20'"/>
		</HorizontalLayout>
	-->	
		<Label textid="196" align ="center" height="19" padding="0,64,0,0" textcolor="#FFFFFFFF" disabledtextcolor="#FFA7A6AA" font="3" />
		<Label textid="197" align ="center"  height="18" padding="0,4,0,0" textcolor="#FFFFFFFF" disabledtextcolor="#FFA7A6AA" font="6" />
		
		<Button name="dlg_return" textcolor="#FFA7A6AA" tooltip="return" float="true"  width ="24" height="24" pos="22,10,46,34" normalimage="file='account/ic_back.png' source='4,0,28,24'" hotimage="file='account/ic_back.png' source='42,0,66,24'"  pushedimage="file='account/ic_back.png' source='42,0,66,24'" />
	
	</VerticalLayout>	
	
	
	<RichEdit name ="account_name"  font ="8" float="true"  graytext ="Name@example.com" pos="106,137,598,189"  width ="492" height="52"  textcolor="#FF333333"  borderround="4,4" wanttab="false" wantreturn="false" multiline="false" textpadding="17,16,16,0"  bkimage="account/bg_table.png" ></RichEdit>
	
	<HorizontalLayout name ="account_err" float="true"   pos="106,193,598,213" width="492" height="20"   visible ="false">
		<Control bkimage="account/ic_alert.png" width="20" />	
		<Label  name="account_err_dsc"  textid="198"   padding="10,0,0,0" align ="left" width ="270" height="16"  textcolor="#FFF54D4D" disabledtextcolor="#FFA7A6AA" font="6" />
	</HorizontalLayout>
<!--	
	<RichEdit name ="passwd" graytext="passwd" font ="8" password="false"   float="true"   pos="106,219,598,271"     width ="492" height="52"  textcolor="#FF333333"  borderround="4,4" wanttab="false" wantreturn="false" multiline="false" textpadding="17,16,16,0"   bkimage="account/bg_table.png" ></RichEdit>
-->
	<Edit name ="passwd" graytext="Password" nativebkcolor="#ffF4F4F4" font ="8" password="true"   float="true"   pos="106,219,598,271"     width ="492" height="52"  textcolor="#FF333333"  borderround="4,4" wanttab="false" wantreturn="false" multiline="false" textpadding="17,0,16,0"   bkimage="account/bg_table.png" ></Edit>
	<HorizontalLayout float="true" name ="passwd_err"   pos="106,275,598,295" width="492" height="20" visible ="false" >
		<Control bkimage="account/ic_alert.png"  width="20" />	
		<Label name ="passwd_err_dsc"  textid="199" padding="10,0,0,0" align ="left"  height="16"  textcolor="#FFF54D4D" disabledtextcolor="#FFA7A6AA" font="6" />
	</HorizontalLayout>	
	<!--
	<RichEdit name ="passwd2" graytext="passwd2"  font ="8" password="false"   float="true"   pos="106,301,598,357"     width ="492" height="52"  textcolor="#FF333333"  borderround="4,4" wanttab="false" wantreturn="false" multiline="false" textpadding="17,16,16,0"   bkimage="account/bg_table.png" ></RichEdit>
	 -->
	<Edit name ="passwd2" graytext="Re-enter Password" nativebkcolor="#ffF4F4F4" font ="8" password="true"   float="true"   pos="106,301,598,357"     width ="492" height="52"  textcolor="#FF333333"  borderround="4,4" wanttab="false" wantreturn="false" multiline="false" textpadding="17,0,16,0"   bkimage="account/bg_table.png" ></Edit>
	 
	<HorizontalLayout name ="passwd2_err" float="true"   pos="106,357,598,377" width="492" height="20"  visible ="false">
		<Control bkimage="account/ic_alert.png"  width="20"  />	
		<Label  name = "passwd2_err_dsc" textid="200"   padding="10,0,0,0" align ="left"  height="18"  textcolor="#FFF54D4D" disabledtextcolor="#FFA7A6AA" font="6" />
	</HorizontalLayout>	   	
	
	<Button name="bt_signup" textid="201" textcolor ="#ffFFFFFF" font="4"  bkimage="account/btn_sign_disable.png" normalimage="file='account/btn_sign_normal.png'" hotimage="file='account/btn_sign_hover.png' " pushedimage="file='account/btn_sign_pressed.png'"   align ="center" bkcolor ="#FF9C9EAD" float="true"  width ="24" height="24" pos="185,418,513,460"   borderround="4,4"/>

    <HorizontalLayout width ="710" height="42" padding="0,312,0,0">
	    <Control />
		<Label name = "turnto_sign_up_dsc" textid="202"  float="fasle"   pos="254,476,410,480" align ="center"  height="16"  textcolor="#FF333333" disabledtextcolor="#FFA7A6AA" font="2" />		
		<Button name="bt_signin" textid="203"  align ="left"   float="fasle"    pos="405,476,471,480"  padding="0,0,0,0" textcolor="#FFFA7B47"  width ="80" height="16" font="7"  hottextcolor="FFFA7B47" pushedtextcolor ="#FFA7A6AA"  />
        <Control />
	</HorizontalLayout>
	
	 <VerticalLayout name="account_page_loading" inset="0,0,0,0" childalign="center" bkcolor="#99000000" float="true" pos="0,0,710,580" visible="fasle">
		   <Control />
		   <GifAnim bkimage="page_loading.gif" autosize="true"/>
		   <Control />
	  </VerticalLayout>
	<VerticalLayout  name ="window_shadow" inset="0,0,0,0" childalign="center" bkcolor="#99000000" float="true" pos="0,0,710,580" visible="false">
	</VerticalLayout  >
  </VerticalLayout>
</Window>
