<?xml version="1.0" encoding="utf-8"?>
<Window caption="0,0,0,0" roundcorner="0,0,0,0" sizebox="0,0,0,0" size="710,580">
 <Font id="0" name="Segoe UI" size="13" bold="false" default="true"/>
 <Font id="1" name="Segoe UI" size="18" bold="true"/>
 <Font id="2" name="Segoe UI" size="12" shared="true" />
 <Font id="3" name="Segoe UI" size="16" bold="true"/>
 <Font id="4" name="Segoe UI" size="14" bold="true"/>
 <Font id="5" name="Segoe UI" size="20" />
 <Font id="6" name="Segoe UI" size="14" />
 <Font id="7" name="Segoe UI" size="12" bold="true"/>
 <Font id="8" name="Segoe UI" size="16" />
 <Font id="9" name="Segoe UI" size="10" />
 <Font id="10" name="Segoe UI" size="8" />
<!--<Default name="VScrollBar" value="width=&quot;8&quot; showbutton1=&quot;false&quot; showbutton2=&quot;false&quot; thumbnormalimage=&quot;file='Scrollbars.png' source='0,0,8,12' corner='2,3,2,3'&quot; thumbhotimage=&quot;file='Scrollbars.png' source='0,0,8,12' corner='2,3,2,3'&quot; thumbpushedimage=&quot;file='Scrollbars.png' source='0,0,8,12' corner='2,3,2,3'&quot; bknormalimage=&quot;file='Scrollbars.png' source='0,12,8,24' corner='2,3,2,3'&quot; bkhotimage=&quot;file='Scrollbars.png' source='0,12,8,24' corner='2,3,2,3'&quot; bkpushedimage=&quot;file='Scrollbars.png' source='0,12,8,24' corner='2,3,2,3'&quot;" />-->
<Default name="VScrollBar" value="width=&quot;8&quot; scrollunit=&quot;42&quot; showbutton1=&quot;false&quot; showbutton2=&quot;false&quot; thumbnormalimage=&quot;file='scrollbar.png' hquality='false' source='0,0,8,62' corner='3,3,3,3'&quot; thumbhotimage=&quot;file='scrollbar.png' source='0,0,8,62' corner='3,3,3,3'&quot; thumbpushedimage=&quot;file='scrollbar.png' source='0,0,8,62' corner='3,3,3,3'&quot;"/>
<VerticalLayout bkcolor="#FFFFFFFF" >

	<VerticalLayout height="297" width ="710" bkimage="file='account/bg_accout.png' corner=0,1,0,0" >
<!--
		<HorizontalLayout height="20" padding="648,10,0,0" >
			<Button name="minibtn"  tooltipid="125" width="28"  height="20" normalimage="file='minimize.png' source='0,0,28,20'" hotimage="file='minimize.png' source='28,0,56,20'" pushedimage="file='minimize.png' source='28,0,56,20'" padding="0,0,0,0"/>
			<Button name="closebtn"   tooltipid="126" width="28" height="20" normalimage="file='close.png' source='0,0,28,20'" hotimage="file='close.png' source='28,0,56,20'" pushedimage="file='close.png' source='28,0,56,20'"/>
		</HorizontalLayout>
-->		
		<Button name="dlg_return" textcolor="#FFA7A6AA" tooltip="return" float="true"  width ="24" height="24" pos="22,10,46,34" normalimage="file='account/ic_back.png' source='4,0,28,24'" hotimage="file='account/ic_back.png' source='42,0,66,24'"  pushedimage="file='account/ic_back.png' source='42,0,66,24'" />
	
		<Control bkimage="account/logo_turbo.png"  float="true"   pos="130,104,192,166" />	
		
		<Label textid="188" name = "email_item" align ="center" float="true"   pos="249,110,295,131"  textcolor="#FFFFFFFF" disabledtextcolor="#FFA7A6AA" font="1" />
		<Label text="vpnmaster@gmail.com" name = "emailinfo" align ="left" float="true"   pos="391,110,710,131" textcolor="#FFFFFFFF" disabledtextcolor="#FFA7A6AA" font="1" />
		
		<Label textid="189" align ="center" float="true"  width ="76" height="21" pos="123,35,199,56" textcolor="#FFFFFFFF" disabledtextcolor="#FFA7A6AA" font="1" />
		
		<Label textid="190" name = "Plan" align ="left" float="true"   pos="249,147,300,168"  textcolor="#FFFFFFFF" disabledtextcolor="#FFA7A6AA" font="1" />
		<Label text="1-Year Plan" name = "plan_info" align ="left" float="true"   pos="391,147,710,168"  textcolor="#FFFFFFFF" disabledtextcolor="#FFA7A6AA" font="1" />
		 
		 <HorizontalLayout width ="449" height="21" padding="249,184,0,0">
			<Label textid="191" name = "expired_day" align ="left" float="false"  autosize="true"   textcolor="#FFFFFFFF" disabledtextcolor="#FFA7A6AA" font="1" />
			<Label  name = "expired_day_info" align ="left" float="false"     padding="40,0,0,0" textcolor="#FFFFFFFF" disabledtextcolor="#FFA7A6AA" font="1" />
		 </HorizontalLayout>
	
		 <Label name="account_user_id" text="Userid" autosize="true" visible="true" align="left" textcolor="#FFFFFFFF" font="1" float="true" pos="249,221,350,242"  valign="center" ></Label>
		 <Button name="version_show_btn" mouse="false" text="" autosize="true" align="left"  textcolor="#FFFFFFFF" font="1" float="true" pos="391,221,550,242" align="left" valign="center"></Button>	
		<Button name="copy_id" text="COPY" autosize="true" align="left"  textcolor="#FFF3DD96" font="1" float="true" pos="500,221,560,242" align="left" valign="center"></Button>
		  
		<Control bkimage="account/line.png"  float="true"   pos="120,245,620,246" />	
	    <Button name="bt_signout" textid="218" height = "25" float="true" align="right"  pos="460,256,607,281"  textcolor="#FFFFFFFF"   font="1"   hottextcolor ="#FFA7A6AA" pushedtextcolor ="#FFA7A6AA"  />
	</VerticalLayout>	
	
	<!--
	 <VerticalLayout height="84" width ="491" bkimage="file='account/bg_vip_big.png' corner=0,1,0,0"   padding="124,113,0,0"  >
	    <Label textid="192" align ="center" height="19"  padding="0,20,0,0"  textcolor="#FFFFFFFF" disabledtextcolor="#FFA7A6AA" font="3" />
	    <Label textid="193" height="19" name = "email_item" align ="center"   padding="0,6,0,0"  textcolor="#FFFFFFFF" disabledtextcolor="#FFA7A6AA" font="3" />    	
	 </VerticalLayout>	
	  <Button name="" float="true"  pos="576,442,596,462"      height="20" width ="20" normalimage="file='account/ic_next.png' source='6,0,26,20' " hotimage="file='account/ic_next.png' source='46,0,66,20'"  pushedimage="file='account/ic_next.png' source='46,0,66,20'" />
	  <Button name="bt_upgrade2" float="true"  pos="124,410,615,494"      height="84" width ="491"  />
-->
	  <VerticalLayout name="account_page_loading" inset="0,0,0,0" childalign="center" bkcolor="#99000000" float="true" pos="0,0,710,580" visible="fasle">
		   <Control />
		   <GifAnim bkimage="page_loading.gif" autosize="true"/>
		   <Control />
	  </VerticalLayout>
	<VerticalLayout  name ="window_shadow" inset="0,0,0,0" childalign="center" bkcolor="#99000000" float="true" pos="0,0,710,580" visible="false">
	</VerticalLayout  >
  </VerticalLayout>
</Window>
