<?xml version="1.0" encoding="utf-8"?>
<Window roundcorner="0,0,0,-1" sizebox="0,0,0,0" size="710,580" layeredimage="file='bg_mask.png'" layeredopacity="255">
<Font id="1" name="Segoe UI" size="16" bold="true"/>
<Font id="2" name="Segoe UI" size="24" bold="true"/>
<Font id="3" name="Segoe UI" size="14" bold="true"/>
<Font id="10" name="Segoe UI" size="10" />
<Font id="11" name="Segoe UI" size="11" />
<Font id="12" name="Segoe UI" size="12" bold="true" />
<Font id="13" name="Segoe UI" size="13" />
<Font id="14" name="Segoe UI" size="14" bold="false" default="true"/>
<Font id="15" name="Segoe UI" size="15" />
<Font id="16" name="Segoe UI" size="16" />
<Font id="18" name="Segoe UI" size="18" bold="true" />
<Font id="20" name="Segoe UI" size="20" />
<Font id="22" name="Segoe UI" size="22" />
<Font id="32" name="Segoe UI" size="32" />
<Font id="56" name="Segoe UI" size="56"  bold="true" />
<Default name="VScrollBar" value="width=&quot;8&quot; scrollunit=&quot;42&quot; showbutton1=&quot;false&quot; showbutton2=&quot;false&quot; thumbnormalimage=&quot;file='scrollbar.png' hquality='false' source='0,0,8,62' corner='3,3,3,3'&quot; thumbhotimage=&quot;file='scrollbar.png' source='0,0,8,62' corner='3,3,3,3'&quot; thumbpushedimage=&quot;file='scrollbar.png' source='0,0,8,62' corner='3,3,3,3'&quot;"/>
<VerticalLayout   >
	<VerticalLayout padding="200,110,0,0" mouse="false" name="price_promotion_dlg"  height="359" width="311" childalign="center" bkimage="promotion/img_dsicount_2.png">
		<Label  name="main_page_dul_buy_guide_title_2"  text="Are you giving up your" align ="center" multiline="false" showhtml="false"  padding="0,50,0,0"  height="24" textcolor="#D9000000"  font="18" />
		<Label  name="main_page_dul_buy_guide_desc_2"  text="Extra " align ="center" multiline="false" showhtml="false" width="234" height="24"   padding="0,24,0,0" textcolor="#D9000000"  font="18"  />
		<Label  name="main_page_dul_buy_guide_discount"  text="20% Off" align ="center" multiline="false" showhtml="false"  height="74"   padding="0,0,0,0" textcolor="#FFFA7A48"  font="56"  />	
	</VerticalLayout>


	<Button name="dlg_op_ok" float="true" textcolor="#FFFFFFFF" text="Claim Your Discount" pos="244,345,471,387"  normalimage="file='rating/btn_normal.png'" hotimage="file='rating/btn_hover.png'" pushedimage="file='rating/btn_active.png'"/>
	<Button name="dlg_op_quit" float="true" text="Quit Turbo VPN" pos="244,395,471,437"  normalimage="file='promotion/btn_white_normal.png'" hotimage="file='promotion/btn_white_active.png'"  pushedimage="file='promotion/btn_white_active.png'"/>	
	<Button name="dlg_close" tooltip="close" float="true" pos="483,118,503,138" bkimage="file='promotion/ic_close_1.png' "/>	
</VerticalLayout>
</Window>