<?xml version="1.0" encoding="utf-8"?>
<Window roundcorner="0,0,0,-1" sizebox="0,0,0,0" size="710,580" layeredimage="file='bg_mask.png'" layeredopacity="255">
<Font id="1" name="Segoe UI" size="16" bold="true"/>
<Font id="2" name="Segoe UI" size="24" bold="true"/>
<Font id="3" name="Segoe UI" size="14" bold="true"/>
<Font id="10" name="Segoe UI" size="10" />
<Font id="11" name="Segoe UI" size="11" />
<Font id="12" name="Segoe UI" size="12" bold="true" />
<Font id="13" name="Segoe UI" size="13" />
<Font id="14" name="Segoe UI" size="14" bold="false" default="true"/>
<Font id="15" name="Segoe UI" size="15" />
<Font id="16" name="Segoe UI" size="16" />
<Font id="18" name="Segoe UI" size="18" />
<Font id="20" name="Segoe UI" size="20" />
<Font id="22" name="Segoe UI" size="22" />
<Font id="32" name="Segoe UI" size="32" />
<VerticalLayout   >
	<Control />
		<VerticalLayout padding="325,0,0,0" name="price_promotion_dlg" bkimage="" height="346" width="311" childalign="center">
		  <VerticalLayout name="price_promotion_page">
			<GifAnim name ="promotion_gif" bkimage="promotion/img_sale_banner.png"/>
		  </VerticalLayout>
		</VerticalLayout>
	<Control />
	<Option name="dlg_op_ok" float="true" pos="319,119,630,465"  />
	<Button name="dlg_close" tooltip="close" float="true" pos="598,127,622,151" bkimage="file='SpeedTest/ic_close.png' "/>	
</VerticalLayout>
</Window>